date,line,product,planned_units,actual_units,delay_hours
2027-03-01,LINE_A,A350,158,156,2
2027-03-01,LINE_B,A350,151,137,1
2027-03-01,LINE_C,A320,162,156,2
2027-03-02,LINE_A,A350,132,135,0
2027-03-02,LINE_B,A330,138,136,2
2027-03-02,LINE_C,A330,135,125,0
2027-03-03,LINE_A,A330,139,144,2
2027-03-03,LINE_B,A320,145,146,3
2027-03-03,LINE_C,A320,158,159,0
2027-03-04,LINE_A,A350,138,137,3
2027-03-04,LINE_B,A320,164,161,2
2027-03-04,LINE_C,A330,143,139,2
2027-03-05,LINE_A,A350,161,157,2
2027-03-05,LINE_B,A320,165,171,2
2027-03-05,LINE_C,A320,135,129,3
2027-03-06,LINE_A,A350,162,152,0
2027-03-06,LINE_B,A350,135,125,3
2027-03-06,LINE_C,A320,141,132,0
2027-03-07,LINE_A,A350,131,123,2
2027-03-07,LINE_B,A330,161,158,2
2027-03-07,LINE_C,A350,167,166,3
2027-03-08,LINE_A,A350,135,135,3
2027-03-08,LINE_B,A350,148,154,2
2027-03-08,LINE_C,A320,154,143,1
2027-03-09,LINE_A,A330,131,121,2
2027-03-09,LINE_B,A330,162,161,3
2027-03-09,LINE_C,A330,164,171,1
2027-03-10,LINE_A,A320,165,166,0
2027-03-10,LINE_B,A350,132,120,2
2027-03-10,LINE_C,A330,137,136,1
2027-03-11,LINE_A,A320,134,132,3
2027-03-11,LINE_B,A320,135,128,3
2027-03-11,LINE_C,A350,164,154,1
2027-03-12,LINE_A,A330,132,130,3
2027-03-12,LINE_B,A350,156,160,1
2027-03-12,LINE_C,A350,155,158,0
2027-03-13,LINE_A,A320,149,151,2
2027-03-13,LINE_B,A350,151,143,1
2027-03-13,LINE_C,A330,135,128,3
2027-03-14,LINE_A,A330,161,157,2
2027-03-14,LINE_B,A330,159,153,1
2027-03-14,LINE_C,A350,138,138,1
2027-03-15,LINE_A,A330,154,160,2
2027-03-15,LINE_B,A350,141,138,1
2027-03-15,LINE_C,A320,159,154,3
2027-03-16,LINE_A,A330,159,158,1
2027-03-16,LINE_B,A350,139,142,3
2027-03-16,LINE_C,A330,157,155,3
2027-03-17,LINE_A,A320,162,161,3
2027-03-17,LINE_B,A320,141,129,2
2027-03-17,LINE_C,A330,137,130,2
2027-03-18,LINE_A,A320,140,144,0
2027-03-18,LINE_B,A320,138,139,0
2027-03-18,LINE_C,A330,161,165,0
2027-03-19,LINE_A,A330,146,139,2
2027-03-19,LINE_B,A320,148,135,1
2027-03-19,LINE_C,A330,145,137,3
2027-03-20,LINE_A,A350,168,176,2
2027-03-20,LINE_B,A330,141,124,5
2027-03-20,LINE_C,A330,134,130,3
2027-03-21,LINE_A,A320,136,138,2
2027-03-21,LINE_B,A330,132,104,7
2027-03-21,LINE_C,A320,168,175,0
2027-03-22,LINE_A,A320,135,137,0
2027-03-22,LINE_B,A330,150,124,4
2027-03-22,LINE_C,A350,140,131,3
2027-03-23,LINE_A,A320,137,131,3
2027-03-23,LINE_B,A350,146,115,8
2027-03-23,LINE_C,A330,147,152,1
2027-03-24,LINE_A,A350,162,164,2
2027-03-24,LINE_B,A350,154,125,9
2027-03-24,LINE_C,A320,167,173,0
2027-03-25,LINE_A,A320,150,156,1
2027-03-25,LINE_B,A330,157,124,9
2027-03-25,LINE_C,A320,134,129,1
2027-03-26,LINE_A,A330,163,155,1
2027-03-26,LINE_B,A330,167,132,8
2027-03-26,LINE_C,A330,146,137,1
2027-03-27,LINE_A,A330,140,129,2
2027-03-27,LINE_B,A330,148,129,9
2027-03-27,LINE_C,A320,141,137,0
2027-03-28,LINE_A,A330,159,146,0
2027-03-28,LINE_B,A320,164,132,9
2027-03-28,LINE_C,A330,136,136,2
2027-03-29,LINE_A,A330,167,157,1
2027-03-29,LINE_B,A330,155,128,4
2027-03-29,LINE_C,A320,147,145,0
2027-03-30,LINE_A,A320,135,139,2
2027-03-30,LINE_B,A320,162,142,4
2027-03-30,LINE_C,A320,165,173,3
