date,line,product,units_produced,target_units,cycle_time_min
2027-03-01,LINE_A,A350,156,158,43.09
2027-03-01,LINE_B,A350,137,151,40.77
2027-03-01,LINE_C,A320,156,162,42.48
2027-03-02,LINE_A,A350,135,132,38.17
2027-03-02,LINE_B,A330,136,138,43.56
2027-03-02,LINE_C,A330,125,135,39.8
2027-03-03,LINE_A,A330,144,139,42.44
2027-03-03,LINE_B,A320,146,145,43.76
2027-03-03,LINE_C,A320,159,158,43.16
2027-03-04,LINE_A,A350,137,138,43.78
2027-03-04,LINE_B,A320,161,164,38.85
2027-03-04,LINE_C,A330,139,143,43.28
2027-03-05,LINE_A,A350,157,161,39.16
2027-03-05,LINE_B,A320,171,165,44.08
2027-03-05,LINE_C,A320,129,135,39.04
2027-03-06,LINE_A,A350,152,162,41.54
2027-03-06,LINE_B,A350,125,135,36.69
2027-03-06,LINE_C,A320,132,141,42.69
2027-03-07,LINE_A,A350,123,131,40.68
2027-03-07,LINE_B,A330,158,161,42.01
2027-03-07,LINE_C,A350,166,167,44.81
2027-03-08,LINE_A,A350,135,135,39.2
2027-03-08,LINE_B,A350,154,148,40.56
2027-03-08,LINE_C,A320,143,154,41.46
2027-03-09,LINE_A,A330,121,131,44.0
2027-03-09,LINE_B,A330,161,162,42.3
2027-03-09,LINE_C,A330,171,164,43.13
2027-03-10,LINE_A,A320,166,165,41.67
2027-03-10,LINE_B,A350,120,132,43.64
2027-03-10,LINE_C,A330,136,137,45.79
2027-03-11,LINE_A,A320,132,134,41.99
2027-03-11,LINE_B,A320,128,135,38.86
2027-03-11,LINE_C,A350,154,164,40.1
2027-03-12,LINE_A,A330,130,132,40.81
2027-03-12,LINE_B,A350,160,156,39.95
2027-03-12,LINE_C,A350,158,155,39.63
2027-03-13,LINE_A,A320,151,149,44.66
2027-03-13,LINE_B,A350,143,151,43.98
2027-03-13,LINE_C,A330,128,135,42.71
2027-03-14,LINE_A,A330,157,161,38.24
2027-03-14,LINE_B,A330,153,159,41.79
2027-03-14,LINE_C,A350,138,138,41.03
2027-03-15,LINE_A,A330,160,154,39.48
2027-03-15,LINE_B,A350,138,141,43.84
2027-03-15,LINE_C,A320,154,159,42.89
2027-03-16,LINE_A,A330,158,159,43.55
2027-03-16,LINE_B,A350,142,139,42.12
2027-03-16,LINE_C,A330,155,157,46.7
2027-03-17,LINE_A,A320,161,162,42.96
2027-03-17,LINE_B,A320,129,141,42.93
2027-03-17,LINE_C,A330,130,137,45.11
2027-03-18,LINE_A,A320,144,140,40.04
2027-03-18,LINE_B,A320,139,138,45.74
2027-03-18,LINE_C,A330,165,161,45.38
2027-03-19,LINE_A,A330,139,146,41.35
2027-03-19,LINE_B,A320,135,148,48.51
2027-03-19,LINE_C,A330,137,145,38.42
2027-03-20,LINE_A,A350,176,168,41.11
2027-03-20,LINE_B,A330,124,141,54.97
2027-03-20,LINE_C,A330,130,134,42.99
2027-03-21,LINE_A,A320,138,136,40.56
2027-03-21,LINE_B,A330,104,132,50.6
2027-03-21,LINE_C,A320,175,168,43.04
2027-03-22,LINE_A,A320,137,135,45.07
2027-03-22,LINE_B,A330,124,150,53.09
2027-03-22,LINE_C,A350,131,140,42.11
2027-03-23,LINE_A,A320,131,137,42.93
2027-03-23,LINE_B,A350,115,146,48.97
2027-03-23,LINE_C,A330,152,147,45.37
2027-03-24,LINE_A,A350,164,162,38.54
2027-03-24,LINE_B,A350,125,154,50.14
2027-03-24,LINE_C,A320,173,167,44.48
2027-03-25,LINE_A,A320,156,150,39.86
2027-03-25,LINE_B,A330,124,157,48.83
2027-03-25,LINE_C,A320,129,134,40.87
2027-03-26,LINE_A,A330,155,163,47.08
2027-03-26,LINE_B,A330,132,167,53.35
2027-03-26,LINE_C,A330,137,146,41.79
2027-03-27,LINE_A,A330,129,140,42.73
2027-03-27,LINE_B,A330,129,148,48.85
2027-03-27,LINE_C,A320,137,141,40.89
2027-03-28,LINE_A,A330,146,159,39.6
2027-03-28,LINE_B,A320,132,164,50.36
2027-03-28,LINE_C,A330,136,136,40.85
2027-03-29,LINE_A,A330,157,167,38.79
2027-03-29,LINE_B,A330,128,155,50.57
2027-03-29,LINE_C,A320,145,147,42.15
2027-03-30,LINE_A,A320,139,135,40.28
2027-03-30,LINE_B,A320,142,162,49.03
2027-03-30,LINE_C,A320,173,165,37.44
