date,line,product,units_inspected,defective_units,rework_units
2027-03-01,LINE_A,A350,156,2,0
2027-03-01,LINE_B,A350,137,2,0
2027-03-01,LINE_C,A320,156,2,0
2027-03-02,LINE_A,A350,135,2,0
2027-03-02,LINE_B,A330,136,3,0
2027-03-02,LINE_C,A330,125,2,0
2027-03-03,LINE_A,A330,144,1,0
2027-03-03,LINE_B,A320,146,2,0
2027-03-03,LINE_C,A320,159,3,1
2027-03-04,LINE_A,A350,137,1,0
2027-03-04,LINE_B,A320,161,2,0
2027-03-04,LINE_C,A330,139,2,0
2027-03-05,LINE_A,A350,157,3,1
2027-03-05,LINE_B,A320,171,3,1
2027-03-05,LINE_C,A320,129,2,0
2027-03-06,LINE_A,A350,152,2,0
2027-03-06,LINE_B,A350,125,1,0
2027-03-06,LINE_C,A320,132,2,0
2027-03-07,LINE_A,A350,123,2,0
2027-03-07,LINE_B,A330,158,2,0
2027-03-07,LINE_C,A350,166,2,0
2027-03-08,LINE_A,A350,135,3,0
2027-03-08,LINE_B,A350,154,2,0
2027-03-08,LINE_C,A320,143,2,0
2027-03-09,LINE_A,A330,121,1,0
2027-03-09,LINE_B,A330,161,1,0
2027-03-09,LINE_C,A330,171,2,0
2027-03-10,LINE_A,A320,166,1,0
2027-03-10,LINE_B,A350,120,1,0
2027-03-10,LINE_C,A330,136,2,0
2027-03-11,LINE_A,A320,132,2,0
2027-03-11,LINE_B,A320,128,1,0
2027-03-11,LINE_C,A350,154,2,0
2027-03-12,LINE_A,A330,130,1,0
2027-03-12,LINE_B,A350,160,1,0
2027-03-12,LINE_C,A350,158,3,0
2027-03-13,LINE_A,A320,151,3,1
2027-03-13,LINE_B,A350,143,1,0
2027-03-13,LINE_C,A330,128,2,0
2027-03-14,LINE_A,A330,157,2,0
2027-03-14,LINE_B,A330,153,3,1
2027-03-14,LINE_C,A350,138,1,0
2027-03-15,LINE_A,A330,160,3,1
2027-03-15,LINE_B,A350,138,1,0
2027-03-15,LINE_C,A320,154,1,0
2027-03-16,LINE_A,A330,158,1,0
2027-03-16,LINE_B,A350,142,2,0
2027-03-16,LINE_C,A330,155,3,1
2027-03-17,LINE_A,A320,161,3,0
2027-03-17,LINE_B,A320,129,1,0
2027-03-17,LINE_C,A330,130,1,0
2027-03-18,LINE_A,A320,144,2,0
2027-03-18,LINE_B,A320,139,1,0
2027-03-18,LINE_C,A330,165,2,0
2027-03-19,LINE_A,A330,139,1,0
2027-03-19,LINE_B,A320,135,1,0
2027-03-19,LINE_C,A330,137,2,0
2027-03-20,LINE_A,A350,176,1,0
2027-03-20,LINE_B,A330,124,5,2
2027-03-20,LINE_C,A330,130,1,0
2027-03-21,LINE_A,A320,138,2,0
2027-03-21,LINE_B,A330,104,5,1
2027-03-21,LINE_C,A320,175,2,0
2027-03-22,LINE_A,A320,137,3,1
2027-03-22,LINE_B,A330,124,6,2
2027-03-22,LINE_C,A350,131,3,0
2027-03-23,LINE_A,A320,131,1,0
2027-03-23,LINE_B,A350,115,5,1
2027-03-23,LINE_C,A330,152,1,0
2027-03-24,LINE_A,A350,164,2,0
2027-03-24,LINE_B,A350,125,4,1
2027-03-24,LINE_C,A320,173,3,1
2027-03-25,LINE_A,A320,156,2,0
2027-03-25,LINE_B,A330,124,5,1
2027-03-25,LINE_C,A320,129,2,0
2027-03-26,LINE_A,A330,155,2,0
2027-03-26,LINE_B,A330,132,6,2
2027-03-26,LINE_C,A330,137,2,0
2027-03-27,LINE_A,A330,129,1,0
2027-03-27,LINE_B,A330,129,5,1
2027-03-27,LINE_C,A320,137,2,0
2027-03-28,LINE_A,A330,146,2,0
2027-03-28,LINE_B,A320,132,6,2
2027-03-28,LINE_C,A330,136,3,0
2027-03-29,LINE_A,A330,157,2,0
2027-03-29,LINE_B,A330,128,5,2
2027-03-29,LINE_C,A320,145,2,0
2027-03-30,LINE_A,A320,139,2,0
2027-03-30,LINE_B,A320,142,7,2
2027-03-30,LINE_C,A320,173,4,1
